id,question,expected_type,expected_source,top_source,top_score,expected_rank,result
1,OSPF neighbor stuck in EXSTART or EXCHANGE what should I check?,GROUNDED,05_ospf.txt,05_ospf.txt,0.5787,1.0,PASS
2,เครื่องต่าง VLAN ติดต่อกันไม่ได้ต้องตรวจอะไร?,GROUNDED,03_vlan_trunking.txt,03_vlan_trunking.txt,0.7556,1.0,PASS
3,DHCP client cannot obtain an IP address how do I troubleshoot?,GROUNDED,06_dhcp_dns.txt,06_dhcp_dns.txt,0.8108,1.0,PASS
4,DNS resolution fails but access by IP works what should I check?,GROUNDED,06_dhcp_dns.txt,06_dhcp_dns.txt,0.7763,1.0,PASS
5,How do I troubleshoot outbound NAT translations?,GROUNDED,07_nat.txt,07_nat.txt,0.6436,1.0,PASS
6,เกิด STP loop และ MAC flapping ต้องตรวจอะไร?,GROUNDED,04_stp_rstp.txt,13_arp_mac_table.txt,0.7463,3.0,PASS
7,VPN ส่ง packet เล็กได้แต่เว็บค้าง ต้องตรวจ MTU และ MSS อย่างไร?,GROUNDED,09_vpn.txt,09_vpn.txt,0.7933,1.0,PASS
8,How do I troubleshoot a firewall rule blocking TCP traffic?,GROUNDED,08_firewall_acl.txt,08_firewall_acl.txt,0.7785,1.0,PASS
9,ตั้ง subnet mask หรือ default gateway ผิดมีอาการอย่างไร?,GROUNDED,02_ip_subnetting.txt,21_subnetting_binary_cidr.txt,0.7061,4.0,PASS
10,How do I troubleshoot TCP retransmission and duplicate ACK?,GROUNDED,10_network_troubleshooting.txt,10_network_troubleshooting.txt,0.8072,1.0,PASS
11,How do I deploy Kubernetes with Helm?,NOT_FOUND,,04_stp_rstp.txt,0.2883,,PASS
12,How do I optimize a PostgreSQL query?,NOT_FOUND,,10_network_troubleshooting.txt,0.2802,,PASS
13,ARP ใช้ทำอะไรเมื่อปลายทางอยู่นอก subnet?,GROUNDED,01_osi_tcpip.txt,01_osi_tcpip.txt,0.7205,1.0,PASS
14,OSPF DROTHER neighbors stay in 2-Way is that normal?,GROUNDED,05_ospf.txt,05_ospf.txt,0.4659,1.0,PASS
15,OSPF Neighbor ค้างอยู่ที่ EXSTART เกิดจากอะไร?,GROUNDED,05_ospf.txt,05_ospf.txt,0.6192,1.0,PASS
16,Client ไม่ได้รับ IP Address จาก DHCP ควรตรวจสอบอะไร?,GROUNDED,06_dhcp_dns.txt,06_dhcp_dns.txt,0.8007,1.0,PASS
17,VLAN เดียวกันแต่เครื่องสองเครื่องสื่อสารกันไม่ได้ ควรตรวจสอบอะไร?,GROUNDED,03_vlan_trunking.txt,03_vlan_trunking.txt,0.7837,1.0,PASS
18,วิธี Deploy Kubernetes ด้วย Helm ทำยังไง?,NOT_FOUND,,19_network_architectures.txt,0.3269,,PASS
19,Wi-Fi ช้าและหลุดบ่อย ควรตรวจ RSSI SNR และ interference อย่างไร?,GROUNDED,14_wireless_network.txt,14_wireless_network.txt,0.7758,1.0,PASS
20,IPv6 Neighbor Discovery ไม่สำเร็จและไม่มี default route ควรตรวจอะไร?,GROUNDED,15_ipv6.txt,15_ipv6.txt,0.8329,1.0,PASS
21,MAC address table เรียน MAC สลับ port และ ARP entry เปลี่ยน ควรตรวจอะไร?,GROUNDED,13_arp_mac_table.txt,13_arp_mac_table.txt,0.8216,1.0,PASS
22,How do I troubleshoot Ethernet speed duplex mismatch and CRC errors?,GROUNDED,11_ethernet_switching.txt,11_ethernet_switching.txt,0.6783,1.0,PASS
23,Wireshark แสดง TCP Out-of-Order และ checksum incorrect เป็น packet loss จริงไหม?,GROUNDED,18_packet_analysis.txt,10_network_troubleshooting.txt,0.7556,3.0,PASS
24,NTP ไม่ sync และ SSH connection refused ต้องตรวจ service อะไร?,GROUNDED,17_network_services.txt,17_network_services.txt,0.78,1.0,PASS
25,802.1X ผ่านแต่ Dynamic ARP Inspection drop ARP ควรตรวจอะไร?,GROUNDED,16_network_security.txt,13_arp_mac_table.txt,0.6401,2.0,PASS
26,Mobile Legends ควรเลือกฮีโร่ตัวไหนและออกไอเทมอย่างไร?,NOT_FOUND,,43_security_fundamentals_policy.txt,0.2557,,PASS
27,Destination host unreachable ต่างจาก Request timed out อย่างไร และควรตรวจ ICMP ผู้ส่งอย่างไร?,GROUNDED,12_tcp_udp_icmp.txt,12_tcp_udp_icmp.txt,0.7995,1.0,PASS
28,Two-tier collapsed core ต่างจาก three-tier และ spine-leaf อย่างไร?,GROUNDED,19_network_architectures.txt,19_network_architectures.txt,0.4304,1.0,PASS
29,AP reboot บ่อย PoE power budget ไม่พอควรตรวจอะไร?,GROUNDED,20_cabling_transceivers_poe.txt,20_cabling_transceivers_poe.txt,0.7443,1.0,PASS
30,192.168.50.77/27 มี network broadcast และ usable hosts เท่าไร?,GROUNDED,21_subnetting_binary_cidr.txt,02_ip_subnetting.txt,0.8134,4.0,PASS
31,จัด VLSM ใน 192.168.40.0/24 สำหรับ 60 30 และ 12 hosts อย่างไร?,GROUNDED,22_vlsm_summarization.txt,02_ip_subnetting.txt,0.7715,2.0,PASS
32,Longest prefix match ต่างจาก administrative distance และ metric อย่างไร?,GROUNDED,23_routing_table_forwarding.txt,23_routing_table_forwarding.txt,0.6086,1.0,PASS
33,Floating static route ทำงานอย่างไรและต้องตรวจ backup return route หรือไม่?,GROUNDED,24_static_default_floating_routes.txt,24_static_default_floating_routes.txt,0.7684,1.0,PASS
34,IPv6 static route ที่ใช้ link-local next hop ทำไมต้องระบุ exit interface?,GROUNDED,25_ipv6_addresses_static_routes.txt,25_ipv6_addresses_static_routes.txt,0.8275,1.0,PASS
35,OSPF process ID ต้องตรงกันไหม และ passive-interface โฆษณา LAN ได้หรือไม่?,GROUNDED,26_single_area_ospfv2_lab.txt,26_single_area_ospfv2_lab.txt,0.6996,1.0,PASS
36,FHRP virtual IP ต่างจาก physical router IP และ tracking ช่วยอย่างไร?,GROUNDED,27_first_hop_redundancy.txt,27_first_hop_redundancy.txt,0.7179,1.0,PASS
37,LACP active กับ passive ต่างกันอย่างไร ทำไม passive-passive ไม่ขึ้น EtherChannel?,GROUNDED,28_etherchannel_lacp.txt,28_etherchannel_lacp.txt,0.6841,1.0,PASS
38,CDP และ LLDP ใช้ตรวจสายต่อผิดได้อย่างไรและต่างจาก ARP อย่างไร?,GROUNDED,29_cdp_lldp_discovery.txt,01_osi_tcpip.txt,0.5541,2.0,PASS
39,Router-on-a-stick subinterface ต้องตั้ง encapsulation dot1Q และ trunk อย่างไร?,GROUNDED,30_intervlan_svi_router_on_stick.txt,30_intervlan_svi_router_on_stick.txt,0.6801,1.0,PASS
40,Root Guard Loop Guard และ BPDU Filter ต่างกันอย่างไร?,GROUNDED,31_spanning_tree_protection.txt,31_spanning_tree_protection.txt,0.7741,1.0,PASS
41,CAPWAP กับ WLC ทำงานอย่างไรและ Local mode ต่างจาก FlexConnect อย่างไร?,GROUNDED,32_wireless_controller_architecture.txt,32_wireless_controller_architecture.txt,0.6133,1.0,PASS
42,WPA2-Personal WPA2-Enterprise และ WPA3 SAE ต่างกันอย่างไร?,GROUNDED,33_wireless_security_wpa.txt,33_wireless_security_wpa.txt,0.5233,1.0,PASS
43,Cisco IOS running-config กับ startup-config ต่างกันและ save อย่างไร?,GROUNDED,34_cisco_ios_basics.txt,34_cisco_ios_basics.txt,0.7119,1.0,PASS
44,Cisco IOS ตั้ง SSH บน VTY ต้องตรวจ login local และ transport input ssh อย่างไร?,GROUNDED,35_ssh_device_management.txt,35_ssh_device_management.txt,0.6583,1.0,PASS
45,Wildcard mask ใน ACL ต่างจาก subnet mask และ inbound outbound อย่างไร?,GROUNDED,36_standard_extended_acls_lab.txt,36_standard_extended_acls_lab.txt,0.6643,1.0,PASS
46,Cisco IOS inside source NAT ต้องกำหนด ip nat inside outside และ overload อย่างไร?,GROUNDED,37_nat_inside_source_lab.txt,37_nat_inside_source_lab.txt,0.8454,1.0,PASS
47,Cisco IOS ip helper-address ควรวางบน interface ไหนและ giaddr ใช้เลือก scope อย่างไร?,GROUNDED,38_dhcp_client_relay_lab.txt,38_dhcp_client_relay_lab.txt,0.6511,1.0,PASS
48,Syslog severity 0 ถึง 7 หมายถึงอะไร และ NTP กับ SNMP ช่วยตรวจ incident อย่างไร?,GROUNDED,39_ntp_snmp_syslog.txt,17_network_services.txt,0.7018,3.0,PASS
49,QoS policing ต่างจาก shaping และ marking ต่างจาก classification อย่างไร?,GROUNDED,40_qos_classification_queuing.txt,40_qos_classification_queuing.txt,0.7652,1.0,PASS
50,AAA authentication authorization accounting ต่างกันและ RADIUS กับ TACACS+ ใช้เมื่อไร?,GROUNDED,41_aaa_radius_tacacs.txt,41_aaa_radius_tacacs.txt,0.8793,1.0,PASS
51,DHCP snooping binding ใช้กับ DAI และ static IP host อย่างไร?,GROUNDED,42_layer2_security_lab.txt,16_network_security.txt,0.7388,5.0,PASS
52,Threat vulnerability exploit และ mitigation ต่างกันอย่างไรใน network security?,GROUNDED,43_security_fundamentals_policy.txt,43_security_fundamentals_policy.txt,0.8524,1.0,PASS
53,VRF แยก routing table อย่างไรและ virtual switch portgroup VLAN เกี่ยวข้องกับ VM อย่างไร?,GROUNDED,44_virtualization_vrf_cloud.txt,44_virtualization_vrf_cloud.txt,0.8226,1.0,PASS
54,SDN control plane data plane และ northbound southbound API ต่างกันอย่างไร?,GROUNDED,45_sdn_controller_apis.txt,45_sdn_controller_apis.txt,0.6591,1.0,PASS
55,REST GET POST PUT PATCH DELETE และ JSON object array ใช้ต่างกันอย่างไร?,GROUNDED,46_rest_api_json_fundamentals.txt,46_rest_api_json_fundamentals.txt,0.6093,1.0,PASS
56,Ansible กับ Terraform ต่างกันอย่างไรและ idempotency drift หมายถึงอะไร?,GROUNDED,47_ansible_terraform_config_management.txt,47_ansible_terraform_config_management.txt,0.4632,1.0,PASS
57,Predictive AI กับ generative AI ใน network operations ต่างกันและตรวจคำแนะนำอย่างไร?,GROUNDED,48_ai_ml_network_operations.txt,48_ai_ml_network_operations.txt,0.797,1.0,PASS
58,FTP login ได้แต่ directory listing ค้าง ต่างจาก TFTP อย่างไรและควรตรวจ passive mode อะไร?,GROUNDED,17_network_services.txt,17_network_services.txt,0.6823,1.0,PASS
59,Cisco IOS local username secret และ enable secret ใช้ควบคุมสิทธิ์อย่างไร?,GROUNDED,34_cisco_ios_basics.txt,34_cisco_ios_basics.txt,0.7722,1.0,PASS
